person_key,company_name,company_key,industry,website,revenue_in_millions,address,last_name,first_name,phone_extension,phone_number,email,title
cc1e66050f644902da8b9c4451b6ed7dd4efcda252aaf69de57a80801c26f81a,Brown Plc,brown_plc,Manufacturing,http://wise-harvey.info,256.47,"103 W. Michigan Ave., Battle Creek, Michigan, 49017",Sheppard,Danielle,,5803344312,daniellesheppard@testemail.com,Counsellor
1fe6b80840eddda9c52db0ef8151f55cca50607ed57eb26dfb5211a2ca251fef,Nunez And Sons,nunez_and_sons,Healthcare,http://rollins.org,120.33,"1814 2nd St., Santa Fe, New Mexico, 87504",Miller,Christopher,53614,9672390327,christophermiller@testemail.com,Quantity surveyor
bb49a06c9cfefbbf16e418a57a5f1a5780eb96fbed6c44de2bbe7e5a87892130,Galvan Plc,galvan_plc,Manufacturing,http://mcmillan-romero.com,145.54,"21119 Superior St., Chatsworth, California, 91311",Pitts,Gloria,505,3752922149,gloriapitts@testemail.com,Insurance risk surveyor
e7481f9f123216bbf03c3c89e72a7ad49e807f49624f08a772838552282f9e1b,Clark Inc,clark_inc,Healthcare,http://powell.net,19.17,"15 Knox Rd, Bar Harbor, Maine, 4609",Collins,Brandi,8044,4690996781,brandicollins@testemail.com,Operational researcher
54de49faffc81ab4b2b29599f12c176e6e9456bd9056165883aa0e9f21d8f009,Potter Llc,potter_llc,Technology,http://maldonado.biz,407.81,"610 3rd St., Santa Rosa, California, 95404",Hayden,Phillip,7373,8333992550,philliphayden@testemail.com,Marketing executive
64920ca7bbe6becaaf107aef799b4785ee0ca1fb16a950b6f7e537a277446606,Fisher Stevenson,fisher_stevenson,Education,http://bell-sims.info,-314.14,"426 Saint Peter St, St. Paul, Minnesota, 55102",Sherman,Heather,471,3684158949,heathersherman@testemail.com,Legal executive
c7115a167a7b1a7881d40075bf811d61b818e0fd322ff9cdb26bcc90725db243,Martinez Plc,martinez_plc,Transportation,http://hawkins.org,293.12,"405 Main St., Grand Junction, Colorado, 81501",Nguyen,Aaron,,2522543184,aaronnguyen@testemail.com,Sport and exercise psychologist
f02514360d6e68503d5886218673bdf0234082b52ccf7a25d7ee27c7bc371faa,"Johnson, Jones And Shah",johnson_jones_and_shah,Healthcare,http://stone-murphy.biz,235.02,"604 Broadway St., Rock Springs, Wyoming, 82901",King,Robert,,7456091034,robertking@testemail.com,Investment analyst
be91b70316c92ce603c7fbe0475658484f6479691386c7056b08982285de2caa,Torres Ltd,torres_ltd,Hospitality,http://banks-carroll.com,414.27,"912 Cole Street, #338, San Francisco, California, 94117",Stone,Courtney,,2830623027,courtneystone@testemail.com,Accommodation manager
6c03ff63d46209b3c8e4524a98d508729fec70e6c6d3aa70be417ca5eb263aac,Allen Llc,allen_llc,Energy,http://steele.info,156.25,"275 E. Kawili St., Hilo, Hawaii, 96720",Smith,William,76363,4622540785,williamsmith@testemail.com,Emergency planning/management officer
0b5f78bd6c65dec9a3a2ad5af20540230460129c8c3e595f98b7b94d4926719c,Johnson Plc,johnson_plc,Education,http://ruiz.com,434.97,"939 Broxton Ave., Westwood, California, 90024",Waters,Terry,8457,5654182061,terrywaters@testemail.com,Clinical molecular geneticist
d241ab6f3a1e6ae7a7df7a97db0a0599077297df4e010337c72dcd1673198d35,Hammond Inc,hammond_inc,Manufacturing,http://james.com,106.51,"121 North Bridge Street, Bellaire, Michigan, 49615",Perez,Taylor,,8524136612,taylorperez@testemail.com,Medical physicist
aed915cdc8c8609fe7df05cde267ff1b42e2dfa7d8c642de099b3843f0ab9bee,"Cooper, Chan And Banks",cooper_chan_and_banks,Manufacturing,http://kaiser.com,240.69,"5500 Grossmont Center Dr., La Mesa, California, 91942",Johnson,Tammy,8592,9807676966,tammyjohnson@testemail.com,Special educational needs teacher
0d50e89a4e2b84eb460860755618db1c5e2fb6f42be15760a1ff427867bff067,Morse Group,morse_group,Finance,http://mckay.net,144.71,"105 Blacktail Rd. # 2, Lakeside, Montana, 59922",Hurst,Manuel,,5357416968,manuelhurst@testemail.com,Risk analyst
a28d3e239d4ec0f3e8785f7b98a435800af086176c476fd512ad4de1982d5ba6,Medina Davis,medina_davis,Finance,http://taylor-johnson.com,444.79,"155 Rte. 11, Crockett's Corner, New London, New Hampshire, 3257",Montgomery,Ashley,04459,8337779203,ashleymontgomery@testemail.com,Manufacturing engineer
a0fd53e4a8972f8a122609f356af0444da753a2354e30f652d720088e6148654,Martinez Plc,martinez_plc,Transportation,http://hawkins.org,293.12,"405 Main St., Grand Junction, Colorado, 81501",Wilson,Christina,435,8225757758,christinawilson@testemail.com,Higher education careers adviser
04d737856865e027e5e0a09059f45fcea41b95555a1d08fe84725b0201d0ad20,Smith Plc,smith_plc,Transportation,http://howard-smith.com,50.33,"20 City Blvd. W. Bldg. A-2, Orange, California, 92868",Kennedy,Derek,0175,5176197144,derekkennedy@testemail.com,"Scientist, physiological"
125b86afd36f355a44d67e8ec7b395ae81255e08ed97c39f5bc377c9e9a632fe,Nunez And Sons,nunez_and_sons,Healthcare,http://rollins.org,120.33,"1814 2nd St., Santa Fe, New Mexico, 87504",Melendez,Nathan,548,0991580469,nathanmelendez@testemail.com,Logistics and distribution manager
21fb9b4d44d54884a76b61929f34f02b6b9823539645194cfbf0099982bfda62,Potter Llc,potter_llc,Technology,http://maldonado.biz,407.81,"610 3rd St., Santa Rosa, California, 95404",Wilson,Dustin,794,8064613181,dustinwilson@testemail.com,"Teacher, special educational needs"
8e4dcaa261d62f8bc157417c266eca48c2ee548f4a12c527b251f1c1dcc3fb06,Warren Ltd,warren_ltd,Manufacturing,http://harvey.com,44.38,"205 N. Broadway, Aurora, Illinois, 60505",Harris,Jay,83869,2900586056,mr.jayharris@testemail.com,"Editor, commissioning"
765c7d72c8a30785226cfb2c3d05185d35355dd54c7499496886d27ee829cf77,"Bowen, Williams And Howard",bowen_williams_and_howard,Hospitality,http://perry-reese.info,36.97,"417 SW 37th, Topeka, Kansas, 66611",Ford,Patrick,829,2988912620,patrickford@testemail.com,Dramatherapist
b727304768f70b13602e5587cc7cc3d98fe3443ec0bffe90609c146566237c83,Rogers Plc,rogers_plc,Retail,http://villanueva-gentry.com,106.61,"1795 E. 10th, Bloomington, Indiana, 47407",Holland,Chelsea,52674,2532957662,chelseaholland@testemail.com,Commercial art gallery manager
d1aacb0814f3713074d4257e88dc2e885a4af702f5204584ca4b87f7083742dd,Torres Ltd,torres_ltd,Hospitality,http://banks-carroll.com,414.27,"912 Cole Street, #338, San Francisco, California, 94117",Chase,Leslie,,5903380098,lesliechase@testemail.com,Recycling officer
1ba81a06288f8fe46388aca9b3e830d88b467da4ab3b7fb55c934aba14f3bab4,Potter Llc,potter_llc,Technology,http://maldonado.biz,407.81,"610 3rd St., Santa Rosa, California, 95404",Ayers,Christine,1226,9961663931,christineayers@testemail.com,Pension scheme manager
ecb0d191976b2f4a653e965c2751e09ce4caa6d49577cf4a423862cc56efe31a,Galvan Plc,galvan_plc,Manufacturing,http://mcmillan-romero.com,145.54,"21119 Superior St., Chatsworth, California, 91311",Stevens,Sonia,,,soniastevens@testemail.com,Physiotherapist
cd4fe8172f9913f326f3c2edc82dbde55dc7386dd58afd625463358987452e09,Nelson And Sons,nelson_and_sons,Technology,http://smith.net,300.24,"150 S. Rte. 206, Hillsborough, New Jersey, 8876",Rogers,Mary,71982,0795328582,maryrogers@testemail.com,Building services engineer
98ff1af5a7998c86e4f17f6198ab2184f2ee9cfa4ff154d19aef3ca7fc1a0de0,King And Sons,king_and_sons,Retail,http://rodgers-king.org,230.62,"120 W. Washington St., Ann Arbor, Michigan, 48104",Lawson,Thomas,210,8244024761,thomaslawson@testemail.com,"Psychotherapist, dance movement"
05ea8b3e104264c457cfeb9c81da091df0e9004263ad4b56795dd490e3c2aab0,"Miller, Hoover And Erickson",miller_hoover_and_erickson,Finance,http://davis.com,192.19,"1251 E. Fowler Ave., Tampa, Florida, 33612",Hobbs,Stephanie,,2171722657,stephaniehobbs@testemail.com,Quality manager
deab05d8349c2771c52c7a02d261f985dc38f61060dc1ec70b9d201cfc4e357c,Adams Llc,adams_llc,Education,http://evans-luna.com,150.67,"200 Village Green, Lincolnshire, Illinois, 60069",Hunt,Eric,658,2266441154,erichunt@testemail.com,"Social research officer, government"
7f50f78fac1bab4d8ff38032db3eea4b7edbe4cb29286fd325dc72fbfcb39077,Rogers Plc,rogers_plc,Retail,http://villanueva-gentry.com,106.61,"1795 E. 10th, Bloomington, Indiana, 47407",Hernandez,Tyrone,,5398325657,tyronehernandezdds@testemail.com,"Buyer, industrial"
553398d16b136292d8f1610bf2854224af60ab7def429cc2f73a2eb458998c74,Medina Davis,medina_davis,Finance,http://taylor-johnson.com,444.79,"155 Rte. 11, Crockett's Corner, New London, New Hampshire, 3257",Pierce,Anthony,829,8812022981,anthonypierce@testemail.com,Maintenance engineer
f43278595807ca61a7d32493dbd031ca05e92725631f5ff61e90b99ac252ecfc,Fisher Stevenson,fisher_stevenson,Education,http://bell-sims.info,-314.14,"426 Saint Peter St, St. Paul, Minnesota, 55102",Ayala,Toni,,2525946347,toniayala@testemail.com,Illustrator
54cc729fcd16ca11775674a5df896d53d7c879c3c39d5e2dedf16b4c48e683fd,"Bowen, Williams And Howard",bowen_williams_and_howard,Hospitality,http://perry-reese.info,36.97,"417 SW 37th, Topeka, Kansas, 66611",Berry,Wyatt,8400,8069713893,wyattberry@testemail.com,"Scientist, product/process development"
5f36eb4b3a00335d04803226861c8bd3032e725f6e5317de4306893029843a73,"Ellis, Smith And Johnson",ellis_smith_and_johnson,Education,http://martin.com,282.33,"195 Ottley Dr., Atlanta , Georgia, 30324",Park,Eileen,,6486154205,eileenpark@testemail.com,Restaurant manager
f76325fa547a483c3cd2b4aa978e6aee903aee5635c2c606f767c9a2d3957e28,Nunez And Sons,nunez_and_sons,Healthcare,http://rollins.org,120.33,"1814 2nd St., Santa Fe, New Mexico, 87504",Gutierrez,Heather,,9199145138,heathergutierrez@testemail.com,Broadcast presenter
1e9e7ef81e56c6f6b8ac11f6571fa8d8d2cf64e117c13bc22be0b39bd987ce13,Fernandez Martin,fernandez_martin,Retail,http://gonzalez.org,145.03,"115 Stuart St., Boston, Massachusetts, 2116",Jones,Colton,9879,5858889041,coltonjones@testemail.com,Tour manager
1fcb94ba01671141de390a63bd81bf0f453a4a24d4e6fbffab60dcf45288601a,"Jones, Riddle And Stark",jones_riddle_and_stark,Retail,http://chavez.com,112.39,"1757 Rock Quarry Road, Stockbridge, Georgia, 30281",Martinez,Darin,1280,3057233707,darinmartinez@testemail.com,Tax adviser
4da36a9a521b428ce90838771392e5fed59b1176c5420b4428932814e78bfa1c,"Miller, Hoover And Erickson",miller_hoover_and_erickson,Finance,http://davis.com,192.19,"1251 E. Fowler Ave., Tampa, Florida, 33612",Brewer,Troy,674,7959150440,troybrewer@testemail.com,Health visitor
956c7ddcd7c962b0744b188abcc3ddcc25a81e2a17d88dab92c12e3f58458955,Walker Stephens,walker_stephens,Healthcare,http://palmer.com,175.48,"2880 Wilderness Pl., Boulder, Colorado, 80301",Diaz,Brian,534,4741656922,briandiaz@testemail.com,Fish farm manager
28ee7432d8d00f28b9431a65bfbcb442159867804ed56308230e06e8ee3b8d97,King And Sons,king_and_sons,Retail,http://rodgers-king.org,230.62,"120 W. Washington St., Ann Arbor, Michigan, 48104",Gibson,Taylor,,,taylorgibson@testemail.com,"Psychologist, clinical"
38eeff3f4ac3e9135cc4c742c307de56c82e3d3bf70a14ef896f448d1defdd1b,Brown Plc,brown_plc,Manufacturing,http://wise-harvey.info,256.47,"103 W. Michigan Ave., Battle Creek, Michigan, 49017",Sexton,James,00275,6410113489,jamessexton@testemail.com,"Production designer, theatre/television/film"
0cace460c7ca4c7bf25f7ca8a624bb3d4ad7586439e15660a62046a9b79136b6,Martinez Plc,martinez_plc,Transportation,http://hawkins.org,293.12,"405 Main St., Grand Junction, Colorado, 81501",Farley,Eric,,5955251865,ericfarley@testemail.com,Architectural technologist
e8c4e5a84cad26a99271bf781cacfd28ac4330aa0ce089754853fda252ec9364,Martinez Plc,martinez_plc,Transportation,http://hawkins.org,293.12,"405 Main St., Grand Junction, Colorado, 81501",Kelly,Kendra,,4356790417,kendrakelly@testemail.com,Retail buyer
b5499f60f9d09c9a44dad9786050f529e0704f4f2e60d24b464f9932a73e39fd,Adams Llc,adams_llc,Education,http://evans-luna.com,150.67,"200 Village Green, Lincolnshire, Illinois, 60069",Tucker,Eric,,8115652807,erictucker@testemail.com,Comptroller
1d86679cc62f9dcd7a59edd4c55c4f29d223d0d71ad8959258ac615c0b21d4ba,Fisher Stevenson,fisher_stevenson,Education,http://bell-sims.info,-314.14,"426 Saint Peter St, St. Paul, Minnesota, 55102",Benson,Christina,32637,7579798717,christinabenson@testemail.com,Building services engineer
3dca30d93514932e56ae7fd58460298e5ef93c6bea92a359ed42b2053820485b,Wiley Group,wiley_group,Technology,http://perry.com,493.16,"21200 Harper Ave., Saint Clair Shores, Michigan, 48080",Williams,Jennifer,435,0914717860,jenniferwilliams@testemail.com,Financial planner
6b253ac9b0bdf36b64a91be04c307f7408a1cb9c4a76cf2324a78ff8612fb19c,Fernandez Martin,fernandez_martin,Retail,http://gonzalez.org,145.03,"115 Stuart St., Boston, Massachusetts, 2116",Lewis,Brooke,,8730052552,brookelewis@testemail.com,Software engineer
a1142c0824603fe97c837b920a52b2fc71f93379ceec487756ef33e1ef64cc84,Morse Group,morse_group,Finance,http://mckay.net,144.71,"105 Blacktail Rd. # 2, Lakeside, Montana, 59922",Hardy,Phillip,7835,6088872128,philliphardy@testemail.com,Health promotion specialist
c04c086291463b60d38ab4bc1bc5ff1146d5dcc93cddc21687870b86ca7f28ef,Adams Llc,adams_llc,Education,http://evans-luna.com,150.67,"200 Village Green, Lincolnshire, Illinois, 60069",Chan,Ricky,,8179720150,rickychan@testemail.com,Publishing copy
c24d6fad7a29d99c4c6b30eb8c2f865ee08c8c59a7c7a204d0aaf85bb738e619,"Ellis, Smith And Johnson",ellis_smith_and_johnson,Education,http://martin.com,282.33,"195 Ottley Dr., Atlanta , Georgia, 30324",Riley,Candice,81656,2225422462,candiceriley@testemail.com,"Psychologist, forensic"
6b638debee26900a6b19d78728acb5e87112adb0863d162e84cd095337ca258a,Adams Llc,adams_llc,Education,http://evans-luna.com,150.67,"200 Village Green, Lincolnshire, Illinois, 60069",Marsh,Heather,5683,6337948543,heathermarsh@testemail.com,Public affairs consultant
89f4df88d9b5c8e9c5896140275e6270b7efa3bbf742cebc954ad6f2afee3f84,Walker Stephens,walker_stephens,Healthcare,http://palmer.com,175.48,"2880 Wilderness Pl., Boulder, Colorado, 80301",Baker,Natalie,586,2179392801,nataliebaker@testemail.com,"Surveyor, quantity"
deb3105e4d49639e7f801ec47fb2f9647e0ad5cdb75d895610afc9967a2658b9,Fernandez Martin,fernandez_martin,Retail,http://gonzalez.org,145.03,"115 Stuart St., Boston, Massachusetts, 2116",Anderson,Mary,42884,1845512580,maryanderson@testemail.com,"Sales professional, IT"
f0b3e9593909ff400182c52f57592a1c95f9d4a4787c176a50dfbdeeb43f4848,Rogers Plc,rogers_plc,Retail,http://villanueva-gentry.com,106.61,"1795 E. 10th, Bloomington, Indiana, 47407",Griffin,Ryan,,2995894426,ryangriffin@testemail.com,Forensic psychologist
0d62d91b80e1ed8e1ed32eef866fc284c2d516e29ea61910a095f42ea8550aff,Martinez Plc,martinez_plc,Transportation,http://hawkins.org,293.12,"405 Main St., Grand Junction, Colorado, 81501",Andrews,Janet,0149,5238003638,janetandrews@testemail.com,Information systems manager
bebd4eebeadfc01f5dfeaf9a7cc1a61e462a38eb0776c7ccf7f337d89a526147,Wiley Group,wiley_group,Technology,http://perry.com,493.16,"21200 Harper Ave., Saint Clair Shores, Michigan, 48080",Sutton,Kyle,4374,7417566134,kylesutton@testemail.com,Pension scheme manager
9faa9c337e6f3e8159852425fd1512d9333f0bcd0ab02057e269a03af113031d,Potter Llc,potter_llc,Technology,http://maldonado.biz,407.81,"610 3rd St., Santa Rosa, California, 95404",Flores,Jeffrey,069,8812266112,jeffreyflores@testemail.com,"Therapist, drama"
1c0156abf13d919349b590d663008c967d66586499277fda0f975cc236f4ce19,Allen Llc,allen_llc,Energy,http://steele.info,156.25,"275 E. Kawili St., Hilo, Hawaii, 96720",Cook,Cindy,61653,3407489275,cindycook@testemail.com,Microbiologist
2decec9c2237601afb2bfc947c0d56a537dbd411f4bca5a958658935ec837f23,Medina Davis,medina_davis,Finance,http://taylor-johnson.com,444.79,"155 Rte. 11, Crockett's Corner, New London, New Hampshire, 3257",Jones,Linda,597,3247638137,lindajones@testemail.com,Armed forces technical officer
2750eeebe6ef1f5c3e5ea80910c665281e5b5cd3d626e381d667540745c63d28,"Johnson, Jones And Shah",johnson_jones_and_shah,Healthcare,http://stone-murphy.biz,235.02,"604 Broadway St., Rock Springs, Wyoming, 82901",Hammond,Leslie,113,5368072417,lesliehammond@testemail.com,Arboriculturist
43d937aa9ee32efd7b625731831378b37ea2725fe2cf7f33308a39ba67efa5ac,Walker Stephens,walker_stephens,Healthcare,http://palmer.com,175.48,"2880 Wilderness Pl., Boulder, Colorado, 80301",Walters,Keith,,8642602661,keithwalters@testemail.com,Local government officer
74af662eec57b6f20530658f63438183b3a1e0cf86b442b555f0bf598fd7bc46,Martinez Plc,martinez_plc,Transportation,http://hawkins.org,293.12,"405 Main St., Grand Junction, Colorado, 81501",Stafford,Sarah,6106,5606393355,sarahstafford@testemail.com,Chief Strategy Officer
e4fbc84bd2951c5328c479205b94c3d1aafb76ff82e960074067305e3e1774b3,Campos Group,campos_group,Transportation,http://hansen-wade.com,232.95,"2920 Newport Blvd., Newport Beach, California, 92663",Hill,Molly,,5770370918,mollyhill@testemail.com,Community education officer
bfcdb5148af73c12acca08429ce6df323c21fd3547bb52cbe1ab9296983e2562,Smith Plc,smith_plc,Transportation,http://howard-smith.com,50.33,"20 City Blvd. W. Bldg. A-2, Orange, California, 92868",Daniel,Christopher,92992,3982477670,christopherdaniel@testemail.com,"Education officer, museum"
27753153f0d40fb680d4fb249e62c9e1af732b97d89cf5523dadeecfe87f2641,"Johnson, Jones And Shah",johnson_jones_and_shah,Healthcare,http://stone-murphy.biz,235.02,"604 Broadway St., Rock Springs, Wyoming, 82901",Crawford,Jenna,,5888628756,dr.jennacrawford@testemail.com,Dispensing optician
5102629659e7438928262d6c382a766dbfd7bbeeb4ea24892af7bc61b19cd820,Rogers Plc,rogers_plc,Retail,http://villanueva-gentry.com,106.61,"1795 E. 10th, Bloomington, Indiana, 47407",Cantu,Taylor,94245,5817558831,taylorcantu@testemail.com,Learning disability nurse
2e6437520f80fa014b64b9dd9b94138f8cc0eadaaf87a4015c9f364169994241,Potter Llc,potter_llc,Technology,http://maldonado.biz,407.81,"610 3rd St., Santa Rosa, California, 95404",Martin,Alyssa,881,5325204079,alyssamartin@testemail.com,Equities trader
39ecd852dd2aebb20c3edd9678b6fbe40e9a40c86272606c185d96b4f5492fdc,Morse Group,morse_group,Finance,http://mckay.net,144.71,"105 Blacktail Rd. # 2, Lakeside, Montana, 59922",Porter,Gabriela,,6163644272,gabrielaporter@testemail.com,Barrister
2d3c4a1ab234283611960da5bfc5921b083944a3ba88d25c7410cee2e3d1a94b,Brown Plc,brown_plc,Manufacturing,http://wise-harvey.info,256.47,"103 W. Michigan Ave., Battle Creek, Michigan, 49017",Flores,Melanie,59376,5623122054,melanieflores@testemail.com,"Engineer, aeronautical"
0c004070e73a5afa2f776e2bdb3a9432fcaa7b5ca5e94d237a45c74ce9539aaa,Duarte Patterson,duarte_patterson,Manufacturing,http://blair-gates.biz,365.59,"43 Mechanic St., Camden, Maine, 4843",Waters,Lauren,4017,2120611946,laurenwaters@testemail.com,Corporate treasurer
a671298f0e3698babc550ff549ba0b9edef6fc728441a630c8c112c805b5f737,Fox Bradley,fox_bradley,Technology,http://cabrera.biz,444.46,"1927 W North Ave., Chicago, Illinois, 60622",Chavez,Heather,2785,2992961722,heatherchavez@testemail.com,Geochemist
d6e925cee74daf68b14501ab5962743843ced4f6e8f3e5c0f972a153d9b055b0,Rogers Plc,rogers_plc,Retail,http://villanueva-gentry.com,106.61,"1795 E. 10th, Bloomington, Indiana, 47407",Vasquez,Jonathan,,4338516154,jonathanvasquez@testemail.com,Fast food restaurant manager
ee143d9f65bb6a6a0c8d0ae06ca9362711521e2afb27c059116d97348a272afb,Duarte Patterson,duarte_patterson,Manufacturing,http://blair-gates.biz,365.59,"43 Mechanic St., Camden, Maine, 4843",Petersen,Jessica,,5281712913,jessicapetersen@testemail.com,Midwife
2b83a021aeb1529759950b9fe3a685407e052d8438d0302268a448f129b9f51d,Torres Ltd,torres_ltd,Hospitality,http://banks-carroll.com,414.27,"912 Cole Street, #338, San Francisco, California, 94117",Edwards,Raymond,,2324555703,raymondedwards@testemail.com,Ship broker
02f5cf29bec627c265410e284e551b8c273eb9557bebbeab1183a1e0f364ea27,Campos Group,campos_group,Transportation,http://hansen-wade.com,232.95,"2920 Newport Blvd., Newport Beach, California, 92663",Banks,Christopher,842,8608106842,christopherbanks@testemail.com,Engineering geologist
1c58f9c3a683ceb32c67c03ef29dc1de9a9392de80bf1652659864fbbf0716da,"Bowen, Williams And Howard",bowen_williams_and_howard,Hospitality,http://perry-reese.info,36.97,"417 SW 37th, Topeka, Kansas, 66611",Sparks,Anthony,139,4413314615,anthonysparks@testemail.com,Maintenance engineer
d93180a2dfa00fe87acdfddd83dcb5bb1cd202e303cdd248dd77b3be1eafb9ac,Williams Llc,williams_llc,Finance,http://thompson-joseph.com,454.94,"106 Des Georges Lane, Taos, New Mexico, 87571",Petty,Ronald,56872,5732567016,ronaldpetty@testemail.com,Print production planner
392e63eb92c93b75fa9a1ef6152789f5abd77032b22366f7bfc45560da34011f,Nelson And Sons,nelson_and_sons,Technology,http://smith.net,300.24,"150 S. Rte. 206, Hillsborough, New Jersey, 8876",Turner,Rebecca,60133,7451486492,rebeccaturner@testemail.com,Seismic interpreter
b26593dbc7319fe955b4c0340535e8922ef1eab9b0052116831295840253fbcd,Potter Llc,potter_llc,Technology,http://maldonado.biz,407.81,"610 3rd St., Santa Rosa, California, 95404",Smith,Angelica,,3456321924,angelicasmith@testemail.com,Insurance claims handler
d8490e05ba3c5e34b4661df0dfb2208a52f53e45011ebf84f55f21cb65b4f780,King And Sons,king_and_sons,Retail,http://rodgers-king.org,230.62,"120 W. Washington St., Ann Arbor, Michigan, 48104",Gonzalez,Jason,721,8531848768,mr.jasongonzalez@testemail.com,"Merchandiser, retail"
5107eb55b121997d5defb6a493ee0b92ec6ebee47a9dee2f50a0b8588e6763cb,Fernandez Martin,fernandez_martin,Retail,http://gonzalez.org,145.03,"115 Stuart St., Boston, Massachusetts, 2116",Hebert,Kimberly,202,5090825529,kimberlyhebert@testemail.com,Production manager
1063fcaea54c016b8d87c371aff711237fa0c2db093390482f51306575507344,Rogers Plc,rogers_plc,Retail,http://villanueva-gentry.com,106.61,"1795 E. 10th, Bloomington, Indiana, 47407",Wiggins,Charles,,6408175732,charleswiggins@testemail.com,Barista
e07a3dfbb53a40886cd72a3a5ec96246884c66b4684d469fd18535d2c6f14271,Campos Group,campos_group,Transportation,http://hansen-wade.com,232.95,"2920 Newport Blvd., Newport Beach, California, 92663",Garcia,Christopher,,4271986915,christophergarciadvm@testemail.com,Chartered accountant
53a6f37e6ca2498bddd4cf6b2d5f3ebdc2c4377575365daaf832d385c31f0338,Torres Ltd,torres_ltd,Hospitality,http://banks-carroll.com,414.27,"912 Cole Street, #338, San Francisco, California, 94117",Ramirez,Roger,,8159202451,rogerramirez@testemail.com,Photographer
cfc6493bc0389f3aa88f3f7169c11450d4d33158ee16c45d1b219db61ea9d9e8,"Bowen, Williams And Howard",bowen_williams_and_howard,Hospitality,http://perry-reese.info,36.97,"417 SW 37th, Topeka, Kansas, 66611",Petty,Dominic,09124,4642142576,dominicpetty@testemail.com,Fast food restaurant manager
a74e536b21b3af5a1679e4cd0d6a91a4704d225272ec15b03046c946f0800c95,Adams Llc,adams_llc,Education,http://evans-luna.com,150.67,"200 Village Green, Lincolnshire, Illinois, 60069",Dixon,Amanda,635,8305583016,amandadixon@testemail.com,"Geologist, wellsite"
5a7bde649c2b0fb20b40734ee192825967d6d9adef6d194b076339e428f35426,Martinez Plc,martinez_plc,Transportation,http://hawkins.org,293.12,"405 Main St., Grand Junction, Colorado, 81501",Welch,John,,1965360825,johnwelch@testemail.com,Counselling psychologist
03eb81a4990f4d1aa0bfc0fd2f0f911f545536026be711671ac2ef1ec8e6a83c,Walker Stephens,walker_stephens,Healthcare,http://palmer.com,175.48,"2880 Wilderness Pl., Boulder, Colorado, 80301",Tyler,Karen,,5002918295,karentyler@testemail.com,Radio broadcast assistant
04134a1d44d91a2972f6ce12ba248dcceae2d6cf1d76043339d052ff7b643427,Medina Davis,medina_davis,Finance,http://taylor-johnson.com,444.79,"155 Rte. 11, Crockett's Corner, New London, New Hampshire, 3257",Ruiz,Timothy,,,timothyruiz@testemail.com,Psychiatric nurse
f173a53de894e194c7ee4bc03add414e6e5ce793e9793c789da9919a02cc6180,Johnson Plc,johnson_plc,Education,http://ruiz.com,434.97,"939 Broxton Ave., Westwood, California, 90024",Salazar,Antonio,4217,9450454275,antoniosalazar@testemail.com,Public relations officer
fe3569bd74d08aa8ca1b2db87fc11064bd361c31b4b8bc086ca2922c884a33d7,Preston Group,preston_group,Energy,http://cruz-lawson.org,416.03,"200 E 3rd St, Newport, Kentucky, 41071",Greer,Michele,1999,3411886380,michelegreer@testemail.com,"Copywriter, advertising"
4a5d9a313fd0db0c50226e44708190287e28d241db4cc44ea3bfc3610a43d35a,Martinez Plc,martinez_plc,Transportation,http://hawkins.org,293.12,"405 Main St., Grand Junction, Colorado, 81501",Adams,Randy,,6313784594,randyadams@testemail.com,Publishing copy
a4ca13159bb4ed10c138ffb2dda5867ecd5b8c81d447851aaab0b10b7419154f,"Boyd, Alexander And Walker",boyd_alexander_and_walker,Transportation,http://porter-nguyen.com,32.34,"311 N. Burch, Olathe, Kansas, 66061",Rivers,Natalie,523,0154383344,natalierivers@testemail.com,"Engineer, agricultural"
697b4f9009b927e7cd9b190b227a5df86b73591b676ea8268ae8ecd4daf0a5a9,Potter Llc,potter_llc,Technology,http://maldonado.biz,407.81,"610 3rd St., Santa Rosa, California, 95404",Irwin,Larry,45693,3041523796,larryirwin@testemail.com,"Lecturer, higher education"
826f74612c2e9651b71b9d99d38aed46fc58207b951d4d8570b98b11580e75bb,Adams Llc,adams_llc,Education,http://evans-luna.com,150.67,"200 Village Green, Lincolnshire, Illinois, 60069",Livingston,Christopher,,6549048006,christopherlivingstonphd@testemail.com,Geophysical data processor
a44f2a8b4212c92c74c88e5c4084b9d4b5aa623a4289e881f6e35765cb4fd163,Nunez And Sons,nunez_and_sons,Healthcare,http://rollins.org,120.33,"1814 2nd St., Santa Fe, New Mexico, 87504",Rodriguez,John,43158,5417520648,johnrodriguez@testemail.com,Multimedia specialist
62acee70269bae8cea9f6e2756ad214ebada83b50c9b579e337ff8814ef15fbe,Hammond Inc,hammond_inc,Manufacturing,http://james.com,106.51,"121 North Bridge Street, Bellaire, Michigan, 49615",Pollard,Elizabeth,,,elizabethpollard@testemail.com,Glass blower/designer
2f446288b6511eb6d7502238698403559ed9ceb264cd01bbc3c46ae24cbf2858,Smith Plc,smith_plc,Transportation,http://howard-smith.com,50.33,"20 City Blvd. W. Bldg. A-2, Orange, California, 92868",Best,Natasha,,,mrs.natashabest@testemail.com,"Restaurant manager, fast food"
798aafcce3edeca2b45d21cf3d111980943d47d8700f65ec2d2b1bae8fd8986b,Potter Llc,potter_llc,Technology,http://maldonado.biz,407.81,"610 3rd St., Santa Rosa, California, 95404",Rodriguez,Brooke,2499,2146520067,brookerodriguez@testemail.com,Ambulance person
0bbfeafbf61bc815413c43a62bc9c9c18265278755b4dcd0433bf4da188f2d07,Medina Davis,medina_davis,Finance,http://taylor-johnson.com,444.79,"155 Rte. 11, Crockett's Corner, New London, New Hampshire, 3257",Heath,Samuel,154,0084487625,samuelheath@testemail.com,"Programme researcher, broadcasting/film/video"
daab70fb77d60f09904a85d67a062aa5c32af57e12340ab5dad928de905e4452,"Sawyer, Powers And Parrish",sawyer_powers_and_parrish,Energy,http://smith-barrett.com,134.63,"227 High Rd., Newbury, Massachusetts, 1951",Ho,Jordan,,,jordanho@testemail.com,Architect
a30429df14038c2a0d92a014551a3710077aac0a3ed5b44b3ea69f987a3cf7d2,Nelson And Sons,nelson_and_sons,Technology,http://smith.net,300.24,"150 S. Rte. 206, Hillsborough, New Jersey, 8876",Miller,Jason,,5744568575,jasonmiller@testemail.com,"Teacher, music"
4f58bf726088f0f3376e1d78931d39af511b82d6d8eed1fec736f86f40f2ee00,Preston Group,preston_group,Energy,http://cruz-lawson.org,416.03,"200 E 3rd St, Newport, Kentucky, 41071",Anderson,Bonnie,0308,7301835107,bonnieanderson@testemail.com,"Buyer, retail"
52110b0b593ff7d3450ef0ca6c0e1779e463650c830ff4e3f2f6031dae15e899,Warren Ltd,warren_ltd,Manufacturing,http://harvey.com,44.38,"205 N. Broadway, Aurora, Illinois, 60505",Fox,Elizabeth,658,4949622695,elizabethfox@testemail.com,Special educational needs teacher
3feaede1731dda99e324113c1ddd658c3ba5a060265d5ade7de32bdb056747e5,Potter Llc,potter_llc,Technology,http://maldonado.biz,407.81,"610 3rd St., Santa Rosa, California, 95404",Alexander,Amanda,,,amandaalexander@testemail.com,Horticultural consultant
8134f75733f163c4b78a0c9b1659008de50f9561e69564059ec74797962d6019,"Bowen, Williams And Howard",bowen_williams_and_howard,Hospitality,http://perry-reese.info,36.97,"417 SW 37th, Topeka, Kansas, 66611",Hunter,Samuel,29779,2366757509,samuelhunter@testemail.com,Interior and spatial designer
324b63dde9f82f938c66dda691392770ab0f0797b4e682f049a9a3c7fa913b3a,Fisher Stevenson,fisher_stevenson,Education,http://bell-sims.info,-314.14,"426 Saint Peter St, St. Paul, Minnesota, 55102",Davis,Thomas,,3836475882,thomasdavisjr.@testemail.com,"Engineer, chemical"
adadb14a1601631481e0f39c283e2ab5d5bfcd9d6d4921a4590b14b2c09cfb63,Potter Llc,potter_llc,Technology,http://maldonado.biz,407.81,"610 3rd St., Santa Rosa, California, 95404",Buchanan,Kevin,,,kevinbuchanan@testemail.com,Chief Executive Officer
38a8a1fae7a1b9268249fb05e8695d4042f18eeccc51368d3c5da26641c48e31,King And Sons,king_and_sons,Retail,http://rodgers-king.org,230.62,"120 W. Washington St., Ann Arbor, Michigan, 48104",Thomas,Emily,,7464553733,emilythomas@testemail.com,"Lighting technician, broadcasting/film/video"
1020811bc0d0f07d0806e4b1b7ffa7690139463fa2ced491aa7ff7773ce0bfa4,Fisher Stevenson,fisher_stevenson,Education,http://bell-sims.info,-314.14,"426 Saint Peter St, St. Paul, Minnesota, 55102",Aguilar,Daniel,444,3991967729,danielaguilar@testemail.com,Quarry manager
5b5cbcc0006f4d1e3096423723191fdfff77d60033be9fdb586601eff56cf5cb,Galvan Plc,galvan_plc,Manufacturing,http://mcmillan-romero.com,145.54,"21119 Superior St., Chatsworth, California, 91311",Hammond,Sharon,,1250087637,sharonhammond@testemail.com,Museum/gallery exhibitions officer
f6a1dadae01af7b5269e66680c3125d563ce8c76a2607e8649868b2d67061c9d,Morse Group,morse_group,Finance,http://mckay.net,144.71,"105 Blacktail Rd. # 2, Lakeside, Montana, 59922",Cross,Lisa,,9439663230,lisacross@testemail.com,Television/film/video producer
1bcb7adda719c3e05b010af19c8662641d2354e923004028407eb500a738fc77,"Ellis, Smith And Johnson",ellis_smith_and_johnson,Education,http://martin.com,282.33,"195 Ottley Dr., Atlanta , Georgia, 30324",Griffith,Shawn,72193,1495254147,shawngriffith@testemail.com,Analytical chemist
c55c161654c8f291d5dc9ea32e76fc9a1862bc28e033af384d037e68f102a523,Potter Llc,potter_llc,Technology,http://maldonado.biz,407.81,"610 3rd St., Santa Rosa, California, 95404",Schmidt,Kevin,6785,0859833578,kevinschmidt@testemail.com,Systems developer
0cbf32c328e3d4495a53336fe42340740e611978ed844bc2e120f0bbb91a9b73,"Bowen, Williams And Howard",bowen_williams_and_howard,Hospitality,http://perry-reese.info,36.97,"417 SW 37th, Topeka, Kansas, 66611",Wang,Ryan,61409,8513188857,ryanwang@testemail.com,Armed forces logistics/support/administrative officer
14492d614f1547bcb202e9c4af9d9f2e2caf7f8be47f23c938284f5709a14c36,Neal Llc,neal_llc,Technology,http://gonzalez.org,471.94,"219 E. Main St., Visalia, California, 93291",Tucker,Renee,21388,4621294958,reneetucker@testemail.com,Race relations officer
851443e50279b7af62fa91c6e25f927d8d26bd98490a81772cdd13ba0b91c96d,Hardy And Sons,hardy_and_sons,Healthcare,http://walls-beck.com,373.97,"3000 Main Ave., Durango, Colorado, 81301",Potts,Shannon,,1795856949,shannonpotts@testemail.com,Barrister's clerk
d5fb663c3854487c8a519c5902e2f7165ef45a3e569c6be87b3a79d8e3611f4e,Nunez And Sons,nunez_and_sons,Healthcare,http://rollins.org,120.33,"1814 2nd St., Santa Fe, New Mexico, 87504",Wilson,Samantha,78382,6810529430,samanthawilson@testemail.com,Visual merchandiser
e72e600d78e51dbbd21318a792c8c24b9beaf9e94c945c7171933a1eb75f6945,Smith Plc,smith_plc,Transportation,http://howard-smith.com,50.33,"20 City Blvd. W. Bldg. A-2, Orange, California, 92868",Owens,Diane,,7659725221,dianeowens@testemail.com,Insurance risk surveyor
978205fd0d0bc5269d4d37d0517b4915ecab04723ceb2890a66f278891a93523,Nelson And Sons,nelson_and_sons,Technology,http://smith.net,300.24,"150 S. Rte. 206, Hillsborough, New Jersey, 8876",Lopez,Megan,2627,1448402620,meganlopez@testemail.com,"Therapist, speech and language"
aed853c81b57f4f39e507547005a488d2427cd863a6155d8c4b4c84562dfeea8,"Bowen, Williams And Howard",bowen_williams_and_howard,Hospitality,http://perry-reese.info,36.97,"417 SW 37th, Topeka, Kansas, 66611",Martinez,Eric,648,3956582547,ericmartinez@testemail.com,Environmental education officer
2b36c3a0b4b03af136ae411c919942fa5d4afc78c65336927f01d56bfb96ccdc,Clark Inc,clark_inc,Healthcare,http://powell.net,19.17,"15 Knox Rd, Bar Harbor, Maine, 4609",Craig,Danielle,,3212697147,daniellecraig@testemail.com,Advertising art director
ac329e5e7d1cd57b701f7a5c3cf8f3a67d0f5a7717909e0bfff09eada71f2f0c,"Boyd, Alexander And Walker",boyd_alexander_and_walker,Transportation,http://porter-nguyen.com,32.34,"311 N. Burch, Olathe, Kansas, 66061",Moon,William,381,5054262694,williammoon@testemail.com,"Administrator, sports"
fe45e75a0c4c0fbeaa7be7cafec660fdd89972b7494ed961760473e900e1cb29,Martinez Plc,martinez_plc,Transportation,http://hawkins.org,293.12,"405 Main St., Grand Junction, Colorado, 81501",Jones,Sydney,,,sydneyjones@testemail.com,"Psychologist, prison and probation services"
b6a8d05323b5ce60b0f7b2a40263478ee59ffece2ff1a4c227039f7e1287e338,Rogers Plc,rogers_plc,Retail,http://villanueva-gentry.com,106.61,"1795 E. 10th, Bloomington, Indiana, 47407",Escobar,Cynthia,,9795913005,cynthiaescobar@testemail.com,Armed forces logistics/support/administrative officer
8f0297478080705b34b1e5ca86cf8c49fde49f5a51557dc658fa6ab7634ca4c2,Nelson And Sons,nelson_and_sons,Technology,http://smith.net,300.24,"150 S. Rte. 206, Hillsborough, New Jersey, 8876",Phillips,Robert,,8025813987,robertphillips@testemail.com,Sub
dc108022e0f7b3562676dadeda792c4b532663d4a6efaa24fcd74c95469a0d9d,Martinez Plc,martinez_plc,Transportation,http://hawkins.org,293.12,"405 Main St., Grand Junction, Colorado, 81501",Ortiz,Casey,85013,7545477144,caseyortiz@testemail.com,Contractor
04715c0f661e76c68533a5c0ebb201c69d370471fb42c743c73585ef2d822bbc,Preston Group,preston_group,Energy,http://cruz-lawson.org,416.03,"200 E 3rd St, Newport, Kentucky, 41071",Hardy,Alexandra,,4965304761,alexandrahardy@testemail.com,Fine artist
f1bb2322dea7d5fd397beece577addb58e018872d8653229eee976ab9f22f618,Warren Ltd,warren_ltd,Manufacturing,http://harvey.com,44.38,"205 N. Broadway, Aurora, Illinois, 60505",Holden,Ellen,735,3434541420,ellenholdendds@testemail.com,Drilling engineer
ff1d18b74df11f75a84a8c8e775baf17a9d8fb9ab3de162c1ab6c14095eee0ff,Hardy And Sons,hardy_and_sons,Healthcare,http://walls-beck.com,373.97,"3000 Main Ave., Durango, Colorado, 81301",Martinez,Susan,,4632204840,susanmartinez@testemail.com,"Engineer, maintenance"
0c00eeb6f07202f7bd388e930ddd729f0c64b8015a738a63f6d5a38ff348c437,Torres Ltd,torres_ltd,Hospitality,http://banks-carroll.com,414.27,"912 Cole Street, #338, San Francisco, California, 94117",Marks,Christine,6587,7812060276,christinemarks@testemail.com,English as a second language teacher
1eb40547c3c286c6f1f51bceb31b2607bf5b2b20dcd9b8067040d15b7a37bc7a,Walker Stephens,walker_stephens,Healthcare,http://palmer.com,175.48,"2880 Wilderness Pl., Boulder, Colorado, 80301",Harris,Felicia,,6766461295,feliciaharris@testemail.com,Animal nutritionist
23196083d2372db198da0e7f1e4a9c96a2d82544069af48ec3564fb0365282fc,Clark Inc,clark_inc,Healthcare,http://powell.net,19.17,"15 Knox Rd, Bar Harbor, Maine, 4609",Arnold,Ryan,52649,2447069146,ryanarnold@testemail.com,Sports therapist
d9dcd84d229e7de4fd8ff1aa5980ef88850b76de226972a20aa33dd38d299168,Fox Bradley,fox_bradley,Technology,http://cabrera.biz,444.46,"1927 W North Ave., Chicago, Illinois, 60622",Ferguson,Christopher,,2959367950,christopherferguson@testemail.com,Oncologist
490f6695fa219d0940ca22dd5f47fdce681850c07f79fdf61eaa9560a08f9b1f,King And Sons,king_and_sons,Retail,http://rodgers-king.org,230.62,"120 W. Washington St., Ann Arbor, Michigan, 48104",Johnson,Ernest,15170,5332021652,ernestjohnson@testemail.com,"Surveyor, mining"
54b9fce062aeaa5d4499083b32fd51a5493e1b15766a25fc6da489118ec04d6e,Walker Stephens,walker_stephens,Healthcare,http://palmer.com,175.48,"2880 Wilderness Pl., Boulder, Colorado, 80301",Johnson,Stephanie,963,7031530460,stephaniejohnsonmd@testemail.com,"Nurse, adult"
3265d6889c7da604e733be74ba7fa42a924bfb7b8ca3c8b849e0afee4005405d,Galvan Plc,galvan_plc,Manufacturing,http://mcmillan-romero.com,145.54,"21119 Superior St., Chatsworth, California, 91311",Thomas,Diane,,9558934880,dianethomas@testemail.com,Osteopath
9cbf1429d324703244d7d996a6853e1a7a617a2b2c6bcfac55b4996feed93839,Morse Group,morse_group,Finance,http://mckay.net,144.71,"105 Blacktail Rd. # 2, Lakeside, Montana, 59922",Martin,Daniel,,1710611478,danielmartin@testemail.com,"Sound technician, broadcasting/film/video"
31791e73986c3202253b54616fd6e9b4661f554adb540a8ecdadf74c7ff97f87,Adams Llc,adams_llc,Education,http://evans-luna.com,150.67,"200 Village Green, Lincolnshire, Illinois, 60069",Moore,Janet,33280,3786369585,janetmoore@testemail.com,"Surveyor, land/geomatics"
3b3cd158e1e8a54c5cf01d83e60d2bfb08fdf5c97a8786a0c204e1e2bda987e9,"Ellis, Smith And Johnson",ellis_smith_and_johnson,Education,http://martin.com,282.33,"195 Ottley Dr., Atlanta , Georgia, 30324",Hobbs,Denise,,3230502966,denisehobbs@testemail.com,Freight forwarder
e75ad567b6f585859e31160197c867215c66b527105f591c44c27f70b2ef8bc6,Wiley Group,wiley_group,Technology,http://perry.com,493.16,"21200 Harper Ave., Saint Clair Shores, Michigan, 48080",Brooks,Ronald,89938,7569023170,ronaldbrooks@testemail.com,Chief Marketing Officer
655f09114b9b83626f6980805f7bedf595daeb27108cd41ec1863a5c0463ad33,Warren Ltd,warren_ltd,Manufacturing,http://harvey.com,44.38,"205 N. Broadway, Aurora, Illinois, 60505",Howell,Darren,,3725420855,darrenhowell@testemail.com,Civil Service administrator
7089a39915cf71e66b8a9820a90fe19a29e35be2b60448017178cbd06daf8544,Galvan Plc,galvan_plc,Manufacturing,http://mcmillan-romero.com,145.54,"21119 Superior St., Chatsworth, California, 91311",Parker,Adriana,719,4642802045,adrianaparker@testemail.com,Editorial assistant
a31240cbaed52585a54de6517caf17bb54f706f912cdd123946bb8703cca561f,Hammond Inc,hammond_inc,Manufacturing,http://james.com,106.51,"121 North Bridge Street, Bellaire, Michigan, 49615",Patterson,John,7111,6270571743,johnpatterson@testemail.com,Stage manager
81e46dfa852b6c6c8e93919914a183648d919ddc0de0ffa98604cd411b04a8e2,Martinez Plc,martinez_plc,Transportation,http://hawkins.org,293.12,"405 Main St., Grand Junction, Colorado, 81501",Jackson,Ashley,,6382947546,ashleyjackson@testemail.com,"Editor, magazine features"
a076c1d4c1c5a5afaa18d53ba63a9e3717ae6756091020940bf585e41f2bc8a4,"Bowen, Williams And Howard",bowen_williams_and_howard,Hospitality,http://perry-reese.info,36.97,"417 SW 37th, Topeka, Kansas, 66611",Smith,Robert,56008,2350861101,robertsmith@testemail.com,Exercise physiologist
b071da2ff2cd18b65adbea62413bd23a83cce0b11a81e2070dca6eafd153899a,Preston Group,preston_group,Energy,http://cruz-lawson.org,416.03,"200 E 3rd St, Newport, Kentucky, 41071",Jones,Eric,,3613648568,ericjones@testemail.com,Government social research officer
7ffd7dae6bb5932b25aa207d03d7df77dd10ffab9f93ec6e8a3e53cc9ad727f8,Martinez Plc,martinez_plc,Transportation,http://hawkins.org,293.12,"405 Main St., Grand Junction, Colorado, 81501",Shields,Benjamin,54017,2169956461,benjaminshields@testemail.com,Seismic interpreter
a945479bdf37ef5933ed319c4a23cf76fc57293753ab16c121e51d5d3c164853,Hammond Inc,hammond_inc,Manufacturing,http://james.com,106.51,"121 North Bridge Street, Bellaire, Michigan, 49615",Roberts,Michelle,,5010021968,michelleroberts@testemail.com,Art gallery manager
368b93aba8a3b079cd831c8d84f52e6cf33d7ac73cf2ee880a93bc06ba502ed3,Torres Ltd,torres_ltd,Hospitality,http://banks-carroll.com,414.27,"912 Cole Street, #338, San Francisco, California, 94117",Harris,Christopher,8713,5738876041,christopherharris@testemail.com,Mudlogger
5f4d2fe7927f63a3c103766d9b147632684e2d2816dd23cb97e88a9a39c1e784,Torres Ltd,torres_ltd,Hospitality,http://banks-carroll.com,414.27,"912 Cole Street, #338, San Francisco, California, 94117",Lucas,Jacob,,8606814978,jacoblucas@testemail.com,"Surveyor, hydrographic"
67baed1d846b03284666560bae7619a6cd1095c26fbf86a6caaa46b710220848,Rogers Plc,rogers_plc,Retail,http://villanueva-gentry.com,106.61,"1795 E. 10th, Bloomington, Indiana, 47407",Clay,Jacob,,1233101689,jacobclaymd@testemail.com,"Horticulturist, commercial"
d1d50bef6c61f42332d9bb51b9067a1bf08c43f5cf5427838fb587d56ad58b6f,Morse Group,morse_group,Finance,http://mckay.net,144.71,"105 Blacktail Rd. # 2, Lakeside, Montana, 59922",Stewart,Brianna,,5640164203,briannastewart@testemail.com,Estate agent
f445bf7839a4dfe6cd05a454264a7b34e7f36e6ebd379d7d7d9bbd991d6120a5,"Cooper, Chan And Banks",cooper_chan_and_banks,Manufacturing,http://kaiser.com,240.69,"5500 Grossmont Center Dr., La Mesa, California, 91942",Bell,Suzanne,6742,1690513035,suzannebell@testemail.com,Legal executive
501455e4e34d0b1c1d3d87d396af0611f0d47c8dc1c61417d83279e60f4299e0,"Ellis, Smith And Johnson",ellis_smith_and_johnson,Education,http://martin.com,282.33,"195 Ottley Dr., Atlanta , Georgia, 30324",Hill,Vernon,,0651274339,vernonhill@testemail.com,Secondary school teacher
406f41348cfd579a0ede696cb6d0eff37b7310ba13b6a72afbfbeb1284f2de60,Rogers Plc,rogers_plc,Retail,http://villanueva-gentry.com,106.61,"1795 E. 10th, Bloomington, Indiana, 47407",Roberts,Jeffrey,8604,2303899695,jeffreyroberts@testemail.com,Colour technologist
ead4ce007cf2735e706eda70e7228fd2dd56a860fef9b706d6a0c8521af22bd3,Morse Group,morse_group,Finance,http://mckay.net,144.71,"105 Blacktail Rd. # 2, Lakeside, Montana, 59922",Shepard,Kathryn,9209,8485216685,kathrynshepard@testemail.com,Sports coach
cfa5647ec217f900ea46a7ea1964d9013c0cd747123f62016eaa7898c4a35486,"Moore, Johnson And Sanchez",moore_johnson_and_sanchez,Hospitality,http://williams.com,-174.88,"3308 3rd St. N, St. Cloud, Minnesota, 56303",Flores,Matthew,,0008889831,matthewflores@testemail.com,Automotive engineer
330dfebea06866a65139bda896da5c4b3912af88aa891df4d49b64440584feed,Clark Inc,clark_inc,Healthcare,http://powell.net,19.17,"15 Knox Rd, Bar Harbor, Maine, 4609",Dillon,Melissa,722,7999243874,melissadillon@testemail.com,Furniture designer
f16964ea032c8ebd145b83349b5966c7c32546c65b74a8e0328f6ff5c549de58,Nelson And Sons,nelson_and_sons,Technology,http://smith.net,300.24,"150 S. Rte. 206, Hillsborough, New Jersey, 8876",Hanson,Brian,346,3333534118,brianhanson@testemail.com,Theatre stage manager
8a9b7d12305026afd2a14270d883d59055f48804883e98c80701703b2efc127f,Warren Ltd,warren_ltd,Manufacturing,http://harvey.com,44.38,"205 N. Broadway, Aurora, Illinois, 60505",Rush,Tara,,,tararush@testemail.com,Health promotion specialist
a2bf34e3f0185f3a5bee2d5fa757382a1a9af881d28c9beea19bacd01ccde8a3,"Jones, Riddle And Stark",jones_riddle_and_stark,Retail,http://chavez.com,112.39,"1757 Rock Quarry Road, Stockbridge, Georgia, 30281",Newton,Erika,917,8536634920,erikanewton@testemail.com,Volunteer coordinator
226c2ffc3e9aca4ae67175e592e14a385b84d4be42060e449f800c6303304788,Wiley Group,wiley_group,Technology,http://perry.com,493.16,"21200 Harper Ave., Saint Clair Shores, Michigan, 48080",Winters,Andrew,,8563866246,andrewwinters@testemail.com,Data scientist
1569e66d87fa4e0e0f4e92d2858ca33d41286d5ab3dc2ac520a28261ccf3bc96,Nunez And Sons,nunez_and_sons,Healthcare,http://rollins.org,120.33,"1814 2nd St., Santa Fe, New Mexico, 87504",Anderson,Sara,35202,0773090131,saraanderson@testemail.com,Adult guidance worker
9c264af924a3ad901296e72fc33c8d824c0e2fd05c6bc92db27a2686bc9b63ea,"Jones, Riddle And Stark",jones_riddle_and_stark,Retail,http://chavez.com,112.39,"1757 Rock Quarry Road, Stockbridge, Georgia, 30281",Hunt,Duane,427,8227085317,duanehunt@testemail.com,Sales promotion account executive
0d23b669490c3bd6f80ed6314107f80dfe6b06b44748d7f8d677e1c5408f8fce,Martinez Plc,martinez_plc,Transportation,http://hawkins.org,293.12,"405 Main St., Grand Junction, Colorado, 81501",Giles,Mark,468,0079162084,markgiles@testemail.com,Pathologist
ed4fb540a906e2131aeecf98cebb57829ca4cbb24c39f68ffd5b8bcfdc38406e,Morse Group,morse_group,Finance,http://mckay.net,144.71,"105 Blacktail Rd. # 2, Lakeside, Montana, 59922",Patterson,Barbara,9546,9051125826,barbarapatterson@testemail.com,Fast food restaurant manager
0378df50124fe6b6b1243a335c9f07764813fae4c90a5a6bd128731822fd9e66,Clark Inc,clark_inc,Healthcare,http://powell.net,19.17,"15 Knox Rd, Bar Harbor, Maine, 4609",Sullivan,Carly,,5767239254,carlysullivan@testemail.com,Ergonomist
0fe95d40a8d4529e42e4bb6db64a7785fad7fc564b79618f4b234ba6f4f8410e,Potter Llc,potter_llc,Technology,http://maldonado.biz,407.81,"610 3rd St., Santa Rosa, California, 95404",Hays,Laura,,3851614482,laurahays@testemail.com,Advertising account executive
3c6ad6635428d832ee8ff3536cb291bf902f03ef5a5e43ce3ab8dd19ce27db96,Nunez And Sons,nunez_and_sons,Healthcare,http://rollins.org,120.33,"1814 2nd St., Santa Fe, New Mexico, 87504",Frost,Joseph,,,josephfrost@testemail.com,"Teacher, special educational needs"
da72706076f5fc0941bed7d08c7ffe6c530038d9d6502819525606f3b511c92d,Rogers Plc,rogers_plc,Retail,http://villanueva-gentry.com,106.61,"1795 E. 10th, Bloomington, Indiana, 47407",Burton,Rebecca,9826,9986132272,rebeccaburton@testemail.com,Petroleum engineer
6894c10c96be8ba7737b670a99ab22aabde61bc2cf5d62a057d2e73bd08d7857,Martinez Plc,martinez_plc,Transportation,http://hawkins.org,293.12,"405 Main St., Grand Junction, Colorado, 81501",Davis,David,,7602322534,daviddavis@testemail.com,Information officer
8ef6f4a52631492cb29eaf00f5c0061fbb307009f3e9ae4c1d26b918898adc53,"Cooper, Chan And Banks",cooper_chan_and_banks,Manufacturing,http://kaiser.com,240.69,"5500 Grossmont Center Dr., La Mesa, California, 91942",Smith,Mark,769,6695293267,marksmith@testemail.com,"Teacher, secondary school"
8c83504b511a00da7e062ea791b6b8139274e838230003a30ab3bce487a17f98,Fisher Stevenson,fisher_stevenson,Education,http://bell-sims.info,-314.14,"426 Saint Peter St, St. Paul, Minnesota, 55102",Snow,John,1957,5946758437,johnsnow@testemail.com,"Research officer, trade union"
0b2cc591008b1529d30ca797cd3fe607bb662f759aed660c8782e700bb7b09d5,Torres Ltd,torres_ltd,Hospitality,http://banks-carroll.com,414.27,"912 Cole Street, #338, San Francisco, California, 94117",Gross,Chris,425,3558273394,chrisgross@testemail.com,Geoscientist
ae6acc5262e80d4f9eaba96d13bbb00c693462c9aa1d4f41633d52ea255abe1e,Nelson And Sons,nelson_and_sons,Technology,http://smith.net,300.24,"150 S. Rte. 206, Hillsborough, New Jersey, 8876",Conner,Keith,,,keithconner@testemail.com,Web designer
37992ed5c970aa1357d28180ee17a518b7779e143448c67eedf13f01be2a1f3d,Campos Group,campos_group,Transportation,http://hansen-wade.com,232.95,"2920 Newport Blvd., Newport Beach, California, 92663",Graham,Manuel,,9879009944,manuelgraham@testemail.com,Teaching laboratory technician
330b8990b98404d43036cfdd7e2c220616f3bf1343f4a4520f248f3912e8571c,Fisher Stevenson,fisher_stevenson,Education,http://bell-sims.info,-314.14,"426 Saint Peter St, St. Paul, Minnesota, 55102",Bishop,Joseph,,8041992854,josephbishop@testemail.com,Energy manager
5b055543375d8d1ea1d5ebc15170181e70cd5fa18d268b537a8fcd6d41b7ba78,"Johnson, Jones And Shah",johnson_jones_and_shah,Healthcare,http://stone-murphy.biz,235.02,"604 Broadway St., Rock Springs, Wyoming, 82901",Moore,Brianna,,5780464113,briannamoore@testemail.com,Air cabin crew
022df04303f809b41da01c9203de0e1b59f0a4e9e8d0ea3df9ebfeb9f844538c,Potter Llc,potter_llc,Technology,http://maldonado.biz,407.81,"610 3rd St., Santa Rosa, California, 95404",Patterson,Joseph,7365,9426298078,josephpatterson@testemail.com,"Buyer, industrial"
15ec1a8ab77c993e295f2952d6a8fa214e7c88847001ed8bbfb77e8440e938e7,Medina Davis,medina_davis,Finance,http://taylor-johnson.com,444.79,"155 Rte. 11, Crockett's Corner, New London, New Hampshire, 3257",Ellis,Daniel,,9186039097,danielellis@testemail.com,Counsellor
be8c99592d0364a44c4e6a821f41baddc8d01c912bd29b1231950c169a8c89e3,Martinez Plc,martinez_plc,Transportation,http://hawkins.org,293.12,"405 Main St., Grand Junction, Colorado, 81501",Jackson,Rachael,,2441033014,rachaeljackson@testemail.com,"Engineer, aeronautical"
9e00cb4beafa5b2c136a4531af2ce11a0dd6a0dfbf3c1dfbd26004f10dc4a756,Adams Llc,adams_llc,Education,http://evans-luna.com,150.67,"200 Village Green, Lincolnshire, Illinois, 60069",Griffith,Victor,,7297822490,victorgriffith@testemail.com,Clinical psychologist
21971d812d82556cd9a8c2db17f9218a7e3c4abe489ba6cad6c6413d030ad15a,Williams Llc,williams_llc,Finance,http://thompson-joseph.com,454.94,"106 Des Georges Lane, Taos, New Mexico, 87571",Stokes,Barbara,62063,0803526419,barbarastokes@testemail.com,"Journalist, broadcasting"
e35cf69539ef1d69ca898c10465d1f286d62f180f544ab98ab803386b3821c69,Allen Llc,allen_llc,Energy,http://steele.info,156.25,"275 E. Kawili St., Hilo, Hawaii, 96720",Fox,Steven,7123,1762857921,stevenfox@testemail.com,Animal technologist
bacd345744b2e3a3a58c6dc7bd73270d4660e5dd3955501eb72a5b5330c102e9,Medina Davis,medina_davis,Finance,http://taylor-johnson.com,444.79,"155 Rte. 11, Crockett's Corner, New London, New Hampshire, 3257",Ramos,Jason,50284,0552468896,jasonramos@testemail.com,Financial risk analyst
ce9b04e1017028cd69a75570f18d8b364bd8b25234d40e60392a7ef1fe0291c5,Fox Bradley,fox_bradley,Technology,http://cabrera.biz,444.46,"1927 W North Ave., Chicago, Illinois, 60622",Wallace,Scott,,5247038345,scottwallace@testemail.com,"Librarian, academic"
136344c920d778f5189286c7b03a57f604247723860a9485de1b7bbd0e12bfda,Nelson And Sons,nelson_and_sons,Technology,http://smith.net,300.24,"150 S. Rte. 206, Hillsborough, New Jersey, 8876",Horn,Cameron,95568,6655386029,cameronhorn@testemail.com,Manufacturing systems engineer
046cee2dbc3b3340522c4c87ffad7d478e0508951484331511f0e6967c9e44e7,"Jones, Riddle And Stark",jones_riddle_and_stark,Retail,http://chavez.com,112.39,"1757 Rock Quarry Road, Stockbridge, Georgia, 30281",Richardson,Kelly,2017,3126608961,kellyrichardson@testemail.com,Advertising account executive
2b53060639c10d29646a481cb44403e2cf968dec5c1ab61399c00cde3811c030,"Cooper, Chan And Banks",cooper_chan_and_banks,Manufacturing,http://kaiser.com,240.69,"5500 Grossmont Center Dr., La Mesa, California, 91942",Beard,Crystal,,2439210043,crystalbeard@testemail.com,"Engineer, automotive"
36ae8f8c5edd3b25be9d86f343784bc059bce2c61b555a706650909b80b699f1,Fernandez Martin,fernandez_martin,Retail,http://gonzalez.org,145.03,"115 Stuart St., Boston, Massachusetts, 2116",Lynch,Emily,29728,2066709565,emilylynch@testemail.com,Patent attorney
732ed91431e2dc51d009466fef14b9a976e52da79cffd8c1ade4b02015fae1ae,"Moore, Johnson And Sanchez",moore_johnson_and_sanchez,Hospitality,http://williams.com,-174.88,"3308 3rd St. N, St. Cloud, Minnesota, 56303",Price,Monique,494,4282520998,moniqueprice@testemail.com,"Surveyor, insurance"
e7d5f285c109a13672a70b5c81b4f82ffc92657e8c421f9ed880f556c25bcb11,Warren Ltd,warren_ltd,Manufacturing,http://harvey.com,44.38,"205 N. Broadway, Aurora, Illinois, 60505",Li,Anthony,6303,7453957015,anthonyli@testemail.com,Facilities manager
87d5c0376faffeacaf6f45b8aef70835eb484c891b0e8101699872b181a1c27d,Fernandez Martin,fernandez_martin,Retail,http://gonzalez.org,145.03,"115 Stuart St., Boston, Massachusetts, 2116",Small,Katelyn,,7780923445,katelynsmall@testemail.com,Commercial art gallery manager
8bcb5b73bce6949da6885af62ed8bc2ad9dc53514935cbf40eeb3a2309f508f9,Fisher Stevenson,fisher_stevenson,Education,http://bell-sims.info,-314.14,"426 Saint Peter St, St. Paul, Minnesota, 55102",Vaughn,Joseph,,5558869040,josephvaughn@testemail.com,"Engineer, biomedical"
b8103c4c45ebcf8af94db09977f2fdd7c27460a707d2aa8b528cc1046d5496de,Fernandez Martin,fernandez_martin,Retail,http://gonzalez.org,145.03,"115 Stuart St., Boston, Massachusetts, 2116",Wheeler,Christopher,96438,4988945543,christopherwheeler@testemail.com,Art gallery manager
87cf88d0572bccd7e7f1964f5d9e3437ec6964f289f5868ccfaad60d5f5b5726,Martinez Plc,martinez_plc,Transportation,http://hawkins.org,293.12,"405 Main St., Grand Junction, Colorado, 81501",Stewart,Andrew,5300,3254610834,andrewstewart@testemail.com,"Accountant, chartered public finance"
9f44baec2416a4cc00395bb9bb2c3f3e66ff85a1c1737b18bd3a6eb40e32a03d,Martinez Plc,martinez_plc,Transportation,http://hawkins.org,293.12,"405 Main St., Grand Junction, Colorado, 81501",Jackson,Jason,915,1751070546,jasonjackson@testemail.com,Art therapist
6eb0a064189ee9ad04aca86cdf330c6e7d330b31d73d8371205cd58ba5980f7a,Allen Llc,allen_llc,Energy,http://steele.info,156.25,"275 E. Kawili St., Hilo, Hawaii, 96720",Osborne,Erin,,6912434784,erinosborne@testemail.com,Insurance underwriter
08abc1f597d7248094d1391690c9e0ad5012db11af21a17f929d9a9b968968f9,Martinez Plc,martinez_plc,Transportation,http://hawkins.org,293.12,"405 Main St., Grand Junction, Colorado, 81501",Yu,Amy,1967,1381881517,amyyu@testemail.com,Economist
14f320ea33f1818a7d3ccbfed55fce7341cf692f845ce89e40e382f5e0d802ee,Warren Ltd,warren_ltd,Manufacturing,http://harvey.com,44.38,"205 N. Broadway, Aurora, Illinois, 60505",Mcdaniel,Bethany,,6071893082,bethanymcdaniel@testemail.com,Legal secretary
53071db31f9f1cda43619eb14f01d231d9c5f796338d3c65e36255bfe27a7280,Medina Davis,medina_davis,Finance,http://taylor-johnson.com,444.79,"155 Rte. 11, Crockett's Corner, New London, New Hampshire, 3257",Hudson,Megan,296,6673204764,meganhudson@testemail.com,Health visitor
c1d4515eca3f22e988f4c666529c05658b3bbb09d4d4d6977fa854cdc5901410,Morse Group,morse_group,Finance,http://mckay.net,144.71,"105 Blacktail Rd. # 2, Lakeside, Montana, 59922",Paul,Charles,313,8467752574,charlespaul@testemail.com,Field trials officer
38c73ca5c0e7f6e68fc1a528b2f535d71199d9cf83b249340330de45e71c2733,Fisher Stevenson,fisher_stevenson,Education,http://bell-sims.info,-314.14,"426 Saint Peter St, St. Paul, Minnesota, 55102",Sanchez,Tanya,7926,5507568582,tanyasanchez@testemail.com,Retail merchandiser
27da7cf0be6dbe3bc91d6ee6a95c8ec07458848dc05fa438690cc626d093635e,"Cooper, Chan And Banks",cooper_chan_and_banks,Manufacturing,http://kaiser.com,240.69,"5500 Grossmont Center Dr., La Mesa, California, 91942",Blair,Angela,4059,6248214940,angelablair@testemail.com,"Radiographer, diagnostic"
7934d22de093781fb4ad1fd979e766f23f58a9749505d0506b0a427814cc6880,Williams Llc,williams_llc,Finance,http://thompson-joseph.com,454.94,"106 Des Georges Lane, Taos, New Mexico, 87571",Lozano,Michael,51753,6258331308,michaellozano@testemail.com,Historic buildings inspector/conservation officer
f16a473656724519d5caa07f0df3ec1aa20eca9493e39f6415be30d8d62a5dc2,Potter Llc,potter_llc,Technology,http://maldonado.biz,407.81,"610 3rd St., Santa Rosa, California, 95404",Ortiz,Peggy,,6570699946,peggyortiz@testemail.com,Glass blower/designer
5374b06b643048f2ccdc7e9f9e2aefab3bfc8956c098c3703bf18f44342c3ff6,Adams Llc,adams_llc,Education,http://evans-luna.com,150.67,"200 Village Green, Lincolnshire, Illinois, 60069",Bryan,Joseph,99558,1257535845,josephbryan@testemail.com,Ceramics designer
ab3c42ac66f78dad830c3c0fa75e7d6f99a48af83ce2aa9eabc346ce3aa91699,Clark Inc,clark_inc,Healthcare,http://powell.net,19.17,"15 Knox Rd, Bar Harbor, Maine, 4609",Booker,Hannah,0311,8064849940,hannahbooker@testemail.com,Animal nutritionist
33fd67f6e86873ab85f8b6fdc7eb1f1ae8719c302da279a6d1dd7bdec5a21471,Rogers Plc,rogers_plc,Retail,http://villanueva-gentry.com,106.61,"1795 E. 10th, Bloomington, Indiana, 47407",Snyder,Jose,9869,0306251690,josesnyder@testemail.com,"Scientist, biomedical"
5eaccbd7b21b62ed67e11c84a9e91e4dfd9ab7a2a2d27c48f5c874484d71f730,"Sawyer, Powers And Parrish",sawyer_powers_and_parrish,Energy,http://smith-barrett.com,134.63,"227 High Rd., Newbury, Massachusetts, 1951",Ramirez,Donald,,8087210263,donaldramirez@testemail.com,Higher education careers adviser
bcf187f8e7139406a681df7c6f02c1f9a4ee7c926dd8aec27b4613e6ed7efec0,Fernandez Martin,fernandez_martin,Retail,http://gonzalez.org,145.03,"115 Stuart St., Boston, Massachusetts, 2116",Hernandez,Mark,,,markhernandez@testemail.com,"Engineer, building services"
26647c3796012c0b48eca4abf60ba2bceeaf1396b7d909663c4960936aece75d,Martinez Plc,martinez_plc,Transportation,http://hawkins.org,293.12,"405 Main St., Grand Junction, Colorado, 81501",Williams,Michael,,4816564700,mr.michaelwilliams@testemail.com,Archivist
2276e5935129e1873b1c31ef6fa232be3610e582930f47489b8ed80714104b7c,Rogers Plc,rogers_plc,Retail,http://villanueva-gentry.com,106.61,"1795 E. 10th, Bloomington, Indiana, 47407",Moore,Amy,890,2922588792,dr.amymoore@testemail.com,"Therapist, occupational"
671c752d89e4576de790a7a7b1ec30b1adfe04930b694302585ca715c703ebda,Torres Ltd,torres_ltd,Hospitality,http://banks-carroll.com,414.27,"912 Cole Street, #338, San Francisco, California, 94117",Snyder,Kathleen,173,2041160443,kathleensnyder@testemail.com,"Education officer, environmental"
50aa55893c8bccd341464fe8a714ec54ce32a3f8f5777c698cd3f369805d7a29,Jackson Ltd,jackson_ltd,Healthcare,http://steele-barnett.com,480.74,"15045 River Rd., Guerneville, California, 95446",Collins,Debra,,9249913123,debracollins@testemail.com,"Engineer, manufacturing"
f2185f1a3108a0b6ef8ad66925ac86054d6b68f700a26c625a37fe9e6f945f47,Martinez Plc,martinez_plc,Transportation,http://hawkins.org,293.12,"405 Main St., Grand Junction, Colorado, 81501",Hall,Carl,,0560351291,carlhall@testemail.com,Trading standards officer
f72ffb05e643a33a5dbaef2dee90277f825febb563a4a9e0d80d1e4d537890c6,"Jones, Riddle And Stark",jones_riddle_and_stark,Retail,http://chavez.com,112.39,"1757 Rock Quarry Road, Stockbridge, Georgia, 30281",Mcbride,David,7220,5377269380,davidmcbride@testemail.com,Copy
253f1b2145728a0b6367599d9c782c716617262da4415b158234695695b34b80,Torres Ltd,torres_ltd,Hospitality,http://banks-carroll.com,414.27,"912 Cole Street, #338, San Francisco, California, 94117",Ross,Mallory,350,2743712622,malloryross@testemail.com,Chief Strategy Officer
0cbf0c7cdf287591e68a2910422ac2686b1af4758cd4d67f6035b8a398481441,"Boyd, Alexander And Walker",boyd_alexander_and_walker,Transportation,http://porter-nguyen.com,32.34,"311 N. Burch, Olathe, Kansas, 66061",Butler,Lucas,65922,2352339380,lucasbutler@testemail.com,Restaurant manager
21108f3a0eaad1e86a330f7f2847971a7db8d6025348333f3843a17643eab008,Rogers Plc,rogers_plc,Retail,http://villanueva-gentry.com,106.61,"1795 E. 10th, Bloomington, Indiana, 47407",Navarro,Tiffany,,,tiffanynavarro@testemail.com,Chief of Staff
a5f7818c56d43887e8957fd5e6a961349dfa4d0a61dd1488f39e2f561ffae23e,Martinez Plc,martinez_plc,Transportation,http://hawkins.org,293.12,"405 Main St., Grand Junction, Colorado, 81501",Harrell,Heather,8157,8976773853,heatherharrell@testemail.com,Commercial horticulturist
35562efde859ac15045c8b3d607767bf72162279dc9926f7eef86fa96b88a10c,Morse Group,morse_group,Finance,http://mckay.net,144.71,"105 Blacktail Rd. # 2, Lakeside, Montana, 59922",Cannon,Daniel,8662,4816381729,danielcannon@testemail.com,"Pharmacist, hospital"
51bb2e22d78ee9b51db97f02805c0b16393cbadb69f231dd1657a2459ba88cac,"Cooper, Chan And Banks",cooper_chan_and_banks,Manufacturing,http://kaiser.com,240.69,"5500 Grossmont Center Dr., La Mesa, California, 91942",Lewis,Todd,,3637687817,toddlewis@testemail.com,Hydrologist
661425fe1a747087fa8bb30b5bfe5d4119073c551e77a4aea765c64327663160,Campos Group,campos_group,Transportation,http://hansen-wade.com,232.95,"2920 Newport Blvd., Newport Beach, California, 92663",Beck,Janice,97750,2957048870,janicebeck@testemail.com,Race relations officer
cdbfad990b02160bc869ceb50677d5f4bf2fbe34e6f8c59352380c0c321892db,"Johnson, Jones And Shah",johnson_jones_and_shah,Healthcare,http://stone-murphy.biz,235.02,"604 Broadway St., Rock Springs, Wyoming, 82901",Jones,Crystal,541,4078961359,crystaljones@testemail.com,Financial trader
12c2ef060160a3ca09e33912ca7fa66460902dba91bb6cc0fac0e40b1d76a106,Nelson And Sons,nelson_and_sons,Technology,http://smith.net,300.24,"150 S. Rte. 206, Hillsborough, New Jersey, 8876",Vasquez,Lauren,99436,7039226994,laurenvasquez@testemail.com,Television/film/video producer
5aa7361887b365343bf5a88b8c3f3b14443f4257733aeb3f612724848a6bce70,Williams Llc,williams_llc,Finance,http://thompson-joseph.com,454.94,"106 Des Georges Lane, Taos, New Mexico, 87571",Smith,Michael,5431,4537511546,michaelsmith@testemail.com,"Engineer, broadcasting (operations)"
39c29b2b0c69e00e1c1774167e30209d6d3b440075cde1cc22f7348d3f41a383,Rogers Plc,rogers_plc,Retail,http://villanueva-gentry.com,106.61,"1795 E. 10th, Bloomington, Indiana, 47407",Neal,Connie,,6235996635,connieneal@testemail.com,Learning mentor
0fc0624f429e43d10d43a0e5d27ce9b594adcce927353e1eb534a9a5ed8847b7,Rogers Plc,rogers_plc,Retail,http://villanueva-gentry.com,106.61,"1795 E. 10th, Bloomington, Indiana, 47407",Perry,Kimberly,539,7564142033,kimberlyperry@testemail.com,"Runner, broadcasting/film/video"
dd9ddb1ae8a360a9e779ad4e92ab466bb28bb27ba9d2e349d0f97bab284b6f31,"Jones, Riddle And Stark",jones_riddle_and_stark,Retail,http://chavez.com,112.39,"1757 Rock Quarry Road, Stockbridge, Georgia, 30281",Perez,Kimberly,,9640502758,kimberlyperez@testemail.com,"Surveyor, planning and development"
d1f5681555b30b3e39b54bfee197b2f0547a02effcbe5993fc819616fb0ec9c8,Martinez Plc,martinez_plc,Transportation,http://hawkins.org,293.12,"405 Main St., Grand Junction, Colorado, 81501",Perez,Albert,50007,3642737830,albertperez@testemail.com,"Investment banker, corporate"
a0965b4f653bf9e111f67f4e957acf92c1f11ec80fefebea8a728985048ae6e1,Adams Llc,adams_llc,Education,http://evans-luna.com,150.67,"200 Village Green, Lincolnshire, Illinois, 60069",May,James,5616,5705027558,jamesmay@testemail.com,Primary school teacher
115221ce50f4820b3dbeb900e1a77b80a858f1fb3581bc68437278dd0c4f69db,Potter Llc,potter_llc,Technology,http://maldonado.biz,407.81,"610 3rd St., Santa Rosa, California, 95404",Nixon,Emily,035,3141079506,emilynixon@testemail.com,Social worker
7caa63a5abbc7a97202918a7eb0c2968aba145863a7b8f461c07c21062100ddb,King And Sons,king_and_sons,Retail,http://rodgers-king.org,230.62,"120 W. Washington St., Ann Arbor, Michigan, 48104",Davis,Matthew,4745,8319141789,matthewdavisjr.@testemail.com,Land
1f7def9717e81f5b1f245f9628b30f647800114c7618bbe497596cfc8ca16d8d,Rogers Plc,rogers_plc,Retail,http://villanueva-gentry.com,106.61,"1795 E. 10th, Bloomington, Indiana, 47407",Woods,Jared,6712,6056002973,jaredwoods@testemail.com,Intelligence analyst
8e44635dae9b08b1af484634e17182c52c092a432a997e53e9ca7147692c8322,Adams Llc,adams_llc,Education,http://evans-luna.com,150.67,"200 Village Green, Lincolnshire, Illinois, 60069",Gallagher,Sheila,47861,0731233994,sheilagallagher@testemail.com,Osteopath
92d61f4916d01debd2b22ac8329b0b570c28b7e63312db133136df18ccb46071,Fox Bradley,fox_bradley,Technology,http://cabrera.biz,444.46,"1927 W North Ave., Chicago, Illinois, 60622",Simon,Anthony,47684,6234257785,anthonysimon@testemail.com,Primary school teacher
397aef84c86600d4cd46b260ce9424f7a523e7f529a4e5756f06120c09a56a8f,Smith Plc,smith_plc,Transportation,http://howard-smith.com,50.33,"20 City Blvd. W. Bldg. A-2, Orange, California, 92868",Miller,Stephen,,0240210609,stephenmiller@testemail.com,Social researcher
e9197f124ac787baf7b8ef0660f61cb6c4cee544a16a767744a7d17ebdb296d5,Medina Davis,medina_davis,Finance,http://taylor-johnson.com,444.79,"155 Rte. 11, Crockett's Corner, New London, New Hampshire, 3257",Ward,Jerry,086,8646466419,jerryward@testemail.com,Community development worker
b9338ed684791cb59445bbcb6668f4c9b6be1317decc0b9ffc3bef915e7abdab,Nelson And Sons,nelson_and_sons,Technology,http://smith.net,300.24,"150 S. Rte. 206, Hillsborough, New Jersey, 8876",Cooper,Sarah,,7399001666,sarahcooper@testemail.com,Publishing rights manager
1ef5fc37c62ddabec15ee85d52d8cb4fd87b43f30eb1dca4b53ff0bf35b0768d,Fisher Stevenson,fisher_stevenson,Education,http://bell-sims.info,-314.14,"426 Saint Peter St, St. Paul, Minnesota, 55102",Walter,Jacob,245,7576517054,jacobwalter@testemail.com,Chief Financial Officer
4d6b3e71c709643e4f9ce6446f4ee518c3b6995bde5ad82b3791a70549e573cb,Warren Ltd,warren_ltd,Manufacturing,http://harvey.com,44.38,"205 N. Broadway, Aurora, Illinois, 60505",Robinson,David,62327,7469395903,davidrobinson@testemail.com,Public librarian
8b8182c43453576d984aacf3fc9e56292247fdd8beb02645f64bca00f3111917,Smith Plc,smith_plc,Transportation,http://howard-smith.com,50.33,"20 City Blvd. W. Bldg. A-2, Orange, California, 92868",Young,Melissa,,,melissayoung@testemail.com,Civil Service fast streamer
b2cc47b179cff78868bd04e2acd1f8e841a57411a77edeed721be8a17adaf879,Nunez And Sons,nunez_and_sons,Healthcare,http://rollins.org,120.33,"1814 2nd St., Santa Fe, New Mexico, 87504",Brooks,James,8110,6413827293,jamesbrooks@testemail.com,Contractor
3eea29a9bd240bf72523b18c66a5526abd2264bd2e4de1a267728cb4182f4188,Warren Ltd,warren_ltd,Manufacturing,http://harvey.com,44.38,"205 N. Broadway, Aurora, Illinois, 60505",Moore,Connie,,8775316706,conniemooremd@testemail.com,"Merchandiser, retail"
d2c3de76e526ca23a9e4eaf9577f399f30362acc8660c81ce802e0947f19cc29,Johnson Plc,johnson_plc,Education,http://ruiz.com,434.97,"939 Broxton Ave., Westwood, California, 90024",Shepherd,Daniel,0507,1319891659,danielshepherd@testemail.com,Animal technologist
28dae9873f95daa94981dbf75f18b593276280876b1f22a3319c11cd7cfa52bd,Nelson And Sons,nelson_and_sons,Technology,http://smith.net,300.24,"150 S. Rte. 206, Hillsborough, New Jersey, 8876",Barber,Nicole,,7768356004,nicolebarber@testemail.com,Electrical engineer
6edd25883ea49428062b807c9d6f07bdbaafad2a41e09c77188a6f6f8415c6c6,Rogers Plc,rogers_plc,Retail,http://villanueva-gentry.com,106.61,"1795 E. 10th, Bloomington, Indiana, 47407",Palmer,Mallory,0019,2345421680,mallorypalmer@testemail.com,Hospital pharmacist
f17ad84c2c5026d4a9642a174252413b8d7cb5afe31c0669f2d161040a4c98c8,Adams Llc,adams_llc,Education,http://evans-luna.com,150.67,"200 Village Green, Lincolnshire, Illinois, 60069",Owens,Martin,2356,5851757338,martinowens@testemail.com,Contracting civil engineer
6c714413a1d2ecdd8a70b3e7289b6bfb261600d28017bdeeb2cedac8b04e2277,Rogers Plc,rogers_plc,Retail,http://villanueva-gentry.com,106.61,"1795 E. 10th, Bloomington, Indiana, 47407",Bradley,Andrew,58533,8931339379,andrewbradley@testemail.com,Veterinary surgeon
6ab369b874f6a502e1bbe1fee288617451a32f8da53dca5b840a078492d3d11a,Fox Bradley,fox_bradley,Technology,http://cabrera.biz,444.46,"1927 W North Ave., Chicago, Illinois, 60622",Wells,Wesley,,3974405264,wesleywells@testemail.com,"Librarian, academic"
245a10532294e28661981e5d70d15710115df5d27a33b14e251b16ca086723ca,Jackson Ltd,jackson_ltd,Healthcare,http://steele-barnett.com,480.74,"15045 River Rd., Guerneville, California, 95446",Johnson,Sharon,92847,6517898844,sharonjohnson@testemail.com,"Education officer, environmental"
f49b2f41fc31a86c72c71796b892479bddb6d4079e4485623971c3129f85cccd,Martinez Plc,martinez_plc,Transportation,http://hawkins.org,293.12,"405 Main St., Grand Junction, Colorado, 81501",Wilson,Jonathan,,5454577614,jonathanwilson@testemail.com,Environmental health practitioner
67120d0659bc8098b9c0ff92b11bdba61310fec27a21cedf86222b11766f5d25,Martinez Plc,martinez_plc,Transportation,http://hawkins.org,293.12,"405 Main St., Grand Junction, Colorado, 81501",Howard,Jacob,80362,4336591813,jacobhoward@testemail.com,Risk manager
42d6f37d97f560c76f985c3c7f541653e1113947a7174fe09c329ae16775d8ae,Torres Ltd,torres_ltd,Hospitality,http://banks-carroll.com,414.27,"912 Cole Street, #338, San Francisco, California, 94117",Downs,Sarah,,9853362055,sarahdowns@testemail.com,"Embryologist, clinical"
6f7b158dc3430a7006eb11788bbf230f3c6bb157c28feb96cb6308ed0ec66a83,"Jones, Riddle And Stark",jones_riddle_and_stark,Retail,http://chavez.com,112.39,"1757 Rock Quarry Road, Stockbridge, Georgia, 30281",Brown,Christopher,46642,2510720588,mr.christopherbrown@testemail.com,Air cabin crew
cd9862bed1ca77e0e975404ab49546507aa9fdad01acff42cd285f26e0282070,Martinez Plc,martinez_plc,Transportation,http://hawkins.org,293.12,"405 Main St., Grand Junction, Colorado, 81501",Jenkins,Ryan,45818,4350206591,ryanjenkins@testemail.com,Chartered public finance accountant
518a6a92a462de1cd546e209006c3a3302ab29877a4fcc3f344bc4c7fbfc6f9a,Torres Ltd,torres_ltd,Hospitality,http://banks-carroll.com,414.27,"912 Cole Street, #338, San Francisco, California, 94117",Robinson,Dean,12028,4988746103,deanrobinson@testemail.com,"Teacher, primary school"
7ea502771b1256f9f71647d1361825493d4dfaf8faaad8da5c82cea78afbe4c3,Allen Llc,allen_llc,Energy,http://steele.info,156.25,"275 E. Kawili St., Hilo, Hawaii, 96720",Carlson,William,,1564368304,williamcarlson@testemail.com,Geoscientist
a4bce125b54ef2da3527206bfdcfcb2c4053df7555ef73c0f3480b0608b96696,Duarte Patterson,duarte_patterson,Manufacturing,http://blair-gates.biz,365.59,"43 Mechanic St., Camden, Maine, 4843",Adams,Felicia,556,4641300762,feliciaadams@testemail.com,Illustrator
9bd81bdbcfe4c3d9d6f274273fc16de9ea2eec74a8d086e13fbbfa6490f886a6,"Miller, Hoover And Erickson",miller_hoover_and_erickson,Finance,http://davis.com,192.19,"1251 E. Fowler Ave., Tampa, Florida, 33612",Buck,Blake,,8655425338,blakebuck@testemail.com,Metallurgist
22fdfc89b3e3f3b4242f62cec67b61ee97c8552502291526bc575320fb8b3954,Smith Plc,smith_plc,Transportation,http://howard-smith.com,50.33,"20 City Blvd. W. Bldg. A-2, Orange, California, 92868",Pratt,John,561,9208302776,johnpratt@testemail.com,Civil Service fast streamer
d8ee676b70cc176b986c2bec1fe9166a5d757db5c92b2d73f2e31bd86f937822,Campos Group,campos_group,Transportation,http://hansen-wade.com,232.95,"2920 Newport Blvd., Newport Beach, California, 92663",Hardin,Hunter,75452,4477693686,hunterhardin@testemail.com,"Teacher, secondary school"
c63cb5cf9d360f5c014933ed967d2ce8753d4184b332827252afd50287f9e125,Duarte Patterson,duarte_patterson,Manufacturing,http://blair-gates.biz,365.59,"43 Mechanic St., Camden, Maine, 4843",Klein,Travis,5389,7238710381,travisklein@testemail.com,Cabin crew
080526cffde45f00294007b68b863f73057bd00a11fb8b9f50ec060ba210f5c7,"Jones, Riddle And Stark",jones_riddle_and_stark,Retail,http://chavez.com,112.39,"1757 Rock Quarry Road, Stockbridge, Georgia, 30281",Campbell,Lisa,,6777344302,lisacampbell@testemail.com,Health physicist
ebabf2934eca0213ac103a405df406559e7f2d7afec23bdf3e9a654d078e9711,Martinez Plc,martinez_plc,Transportation,http://hawkins.org,293.12,"405 Main St., Grand Junction, Colorado, 81501",Allen,Patrick,,4207757575,patrickallen@testemail.com,IT consultant
9a9cdbe9c018bb617a0e94af18049f64d1bc66ef7db15dcdf30f988626231a78,Smith Plc,smith_plc,Transportation,http://howard-smith.com,50.33,"20 City Blvd. W. Bldg. A-2, Orange, California, 92868",Williams,Donna,,,donnawilliams@testemail.com,Psychiatrist
c20690c3043b2c76163bd6686408af5b1bb982238ec2aeade4832cd5c7e71891,Walker Stephens,walker_stephens,Healthcare,http://palmer.com,175.48,"2880 Wilderness Pl., Boulder, Colorado, 80301",Rivas,Tonya,,6667469596,tonyarivas@testemail.com,Aeronautical engineer
26eeb4844e105f2b4b17e27c79acfbb74558d6683ef18264f41c2839a9cf03c8,Clark Inc,clark_inc,Healthcare,http://powell.net,19.17,"15 Knox Rd, Bar Harbor, Maine, 4609",Phillips,Margaret,,6025488150,margaretphillips@testemail.com,Television camera operator
b7aedaa7031b1532040eb6c18a22a01aaf9cab564a25349fff784f8052fb59cc,"Sawyer, Powers And Parrish",sawyer_powers_and_parrish,Energy,http://smith-barrett.com,134.63,"227 High Rd., Newbury, Massachusetts, 1951",Austin,Madison,,,madisonaustin@testemail.com,"Surveyor, building control"
64a826719a2f8cb20f61f46f26108f57975aa347a7e00a8c19d0d473f4913250,"Cooper, Chan And Banks",cooper_chan_and_banks,Manufacturing,http://kaiser.com,240.69,"5500 Grossmont Center Dr., La Mesa, California, 91942",Bailey,Luis,32556,3405928611,luisbailey@testemail.com,Petroleum engineer
d711e5fb423afd00e916b45d719bb657064ec00f02681d5985404a85b9f74f26,Warren Ltd,warren_ltd,Manufacturing,http://harvey.com,44.38,"205 N. Broadway, Aurora, Illinois, 60505",Jones,Jeffery,564,2295187262,jefferyjones@testemail.com,Film/video editor
